provider,ntd_id,voms,upt,contact_city,service_county,url,gtfs,gtfs_rt_service_alerts,gtfs_rt_trip_updates,gtfs_rt_vehicle_locations
AC Transit,90014,520,4453146,Oakland,"Alameda, Contra Costa",http://www.actransit.org/,https://transitfeeds.com/p/ac-transit/1269/latest/download,,,
Access Services,90157,,,El Monte,Los Angeles,http://accessla.org/home/,,,,
Agoura Hills Dial-A-Ride,90246,,,Agoura Hills,Los Angeles,http://www.ci.agoura-hills.ca.us/our-city/visitors/alternative-transportation,,,,
Alhambra Community Transit,90247,,,Alhambra,Los Angeles,https://www.cityofalhambra.org/resources/public-transportation,,,,
Alpine County Local Transportation Commission,91116,,,Markleeville,Alpine,http://www.alpinecountyca.gov/index.aspx?NID=159,,,,
Altamont Corridor Express,90182,32,126661,Stockton,"San Joaquin, Santa Clara",http://www.acerail.com/,https://transitfeeds.com/p/altamont-corridor-express/823/latest/download,,,
Amador Regional Transit System,91000,,,Jackson,Amador,http://amadortransit.com/,https://transitfeeds.com/p/amador-transit/390/latest/download,,,
Amtrak,,,,Sacramento,"Sacramento, Orange, Contra Costa, Placer, Kern, San Bernardino, Alameda, Los Angeles, Ventura, Santa Barbara, Butte, Kings, Yolo, Siskiyou, Solano, Fresno, San Luis Obispo, San Joaquin, Madera, Merced, Stanislaus, San Diego, Riverside, Shasta, Monterey, Nevada, ",http://www.amtrak.com/home,,,,
Anaheim Resort Transportation,90211,70,670965,Anaheim,Orange,http://www.rideart.org/,https://transitfeeds.com/p/anaheim-resort-transportation/410/latest/download,,,
Angel Island-Tiburon Ferry Company,,,,Tiburon,Marin,https://angelislandferry.com/,,,,
Antelope Valley Transit Authority,90121,71,183018,Lancaster,Los Angeles,http://www.avta.com/,,,,
Arcadia Transit,90044,,,Arcadia,Los Angeles,https://www.arcadiaca.gov/transit,,,,
Arcata & Mad River Transit System,91018,,,Arcata,Humboldt,https://hta.org/agencies/arcata-and-mad-river/,,,,
Artesia Express Dial-A-Ride,90300,,,Artesia,Los Angeles,http://www.cityofartesia.us/index.aspx?nid=189,,,,
Arvin Transit,91027,,,Arvin,Kern,https://www.arvin.org/government/transportation/,,,,
Atascadero Dial-A-Ride,90194,,,Atascadero,San Luis Obispo,https://atascadero.org/index.php?option=com_content&view=article&id=633&Itemid=1536,,,,
Auburn Transit,91032,,,Auburn,Placer,https://www.auburn.ca.gov/192/Transit-Services,https://transitfeeds.com/p/auburn-transit/1271/latest/download,,,
Avalon Transit,90249,,,Avalon,Los Angeles,http://www.cityofavalon.com/content/3310/5078/default.aspx,https://transitfeeds.com/p/avalon-transit/951/latest/download,,,
Avocado Heights/Bassett/West Valinda Shuttle,90270,,,Alhambra,Los Angeles,https://dpw.lacounty.gov/transit/AvoBasWVShuttle.aspx,,,,
Azusa Transit,90250,,,Azusa,Los Angeles,https://www.ci.azusa.ca.us/329/Azusa-Transit,,,,
B-Line,,,,Chico,Butte,http://www.blinetransit.com/,,,,
Bakersfield Airport Valet Express,,,,Bakersfield,Kern,http://www.airportvaletexpress.com/,https://transitfeeds.com/p/airport-valet-express/773/latest/download,,,
Balboa Island Ferry,,,,Newport Beach,Orange,http://www.balboaislandferry.com/,,,,
Baldwin Park Transit,90251,,,Baldwin Park,Los Angeles,https://www.baldwinpark.com/public-transit,,,,
Banning Pass Transit,,,,Banning,Riverside,http://banning.ca.us/351/Bus-Schedules,,,,
Barstow Area Transit,,,,Barstow,San Bernardino,http://www.barstowca.org/city-hall/city-departments/transportation/fares,,,,
Bay Area Rapid Transit,90003,607,10150497,Oakland,"Alameda, Contra Costa, Santa Clara, San Mateo, San Francisco",http://www.bart.gov/,https://transitfeeds.com/p/bart/58/latest/download,http://api.bart.gov/gtfsrt/alerts.aspx,http://api.bart.gov/gtfsrt/tripupdate.aspx,
Beach Cities Transit,90214,10,29701,Redondo Beach,Los Angeles,https://www.redondo.org/depts/recreation/transit/beach_cities_transit/default.asp,,,,
Bear Transit,,,,Berkeley,Alameda,https://pt.berkeley.edu/transportation-options/campus-shuttles,,,,
Beaumont Pass Transit,,,,Beaumont,Riverside,https://beaumontca.gov/index.aspx?NID=160,https://transitfeeds.com/p/pass-transit/391/latest/download,,,
Bell Gardens,90253,,,Bell Gardens,Los Angeles,https://www.bellgardens.org/government/city-departments/public-works/transportation,,,,
Bellflower Bus,90254,,,Bellflower,Los Angeles,https://www.bellflower.org/resources/transportation/bus.asp,,,,
Berkeley Lab Bus System,,,,Berkeley,Alameda,https://commute.lbl.gov/service/shuttle-buses/,,,,
Beverly Hills,90255,,,Beverly Hills,Los Angeles,http://www.beverlyhills.org/living/transportation/,,,,
Big Blue Bus,90008,160,1046649,Santa Monica,Los Angeles,http://www.bigbluebus.com/,https://transitfeeds.com/p/city-of-santa-monica/260/latest/download,http://gtfs.bigbluebus.com/alerts.bin,http://gtfs.bigbluebus.com/tripupdates.bin,http://gtfs.bigbluebus.com/vehiclepositions.bin
Bishop Paiute Tribe,99268,,,Bishop,Inyo,http://www.bishoppaiutetribe.com/,,,,
Blossom Express,,,,Ripon,San Joaquin,http://www.cityofripon.org/cms/one.aspx?portalId=1080111&pageId=2984496,,,,
Blue Lake Rancheria,99292,,,Blue Lake,Humboldt,https://bluelakerancheria-nsn.gov/initiatives/transportation/,https://transitfeeds.com/p/blue-lake-rancheria-transit-system/1142/latest/download,,,
Blue and Gold Fleet,,,,San Francisco,"Marin, San Francisco",https://www.blueandgoldfleet.com/,https://transitfeeds.com/p/blue-gold-fleet/824/latest/download,,,
Brea Shuttle Express,,,,Brea,Orange,http://www.cityofbrea.net/1105/Transportation,,,,
Burbank Bus,90256,,,Burbank,Los Angeles,http://www.burbankbus.org/,,,,
Burney Express,99438,,,Redding,Shasta,https://www.cityofredding.org/departments/redding-area-bus-authority/services/burney-express,,,,
Butte County Association of Governments,90208,25,55254,Chico,Butte,http://www.bcag.org/,,,,
CSUEB Shuttle,,,,Hayward,"Contra Costa, Alameda",http://www.csueastbay.edu/parking/alt-trans/university-shuttle1/shuttle-hayward-hills.html,,,,
Calabasas Transit System,90257,,,Calabasas,Los Angeles,https://www.cityofcalabasas.com/departments/traffic/shuttle.html,,,,
Calaveras Transit,91063,,,San Andreas,Calaveras,http://calaverastransit.com/,https://transitfeeds.com/p/calaveras-transit/399/latest/download,,,
California City Dial-A-Ride,91111,,,California City,Kern,https://www.californiacity-ca.gov/CC/index.php/transportation,,,,
California Vanpool Authority,90230,,,Hanford,Kings,http://www.CalVans.org/,,,,
Caltrain,90134,141,1577968,San Carlos,San Mateo,http://www.caltrain.com/,https://transitfeeds.com/p/caltrain/122/latest/download,,,
Camarillo Area Transit,90163,,,Camarillo,Ventura,https://www.cityofcamarillo.org/residents/public_transportation/index.php,,,,
Capitol Corridor,,,,intercity,"Alameda, Placer, Sacramento, Yolo, Solano, Contra Costa, San Francisco, Santa Clara",https://www.capitolcorridor.org/,https://transitfeeds.com/p/capitol-corridor/825/latest/download,,,
Carson Circuit,90258,,,Carson,Los Angeles,http://ci.carson.ca.us/CommunityServices/Transportation.aspx,,,,
Catalina Express,,,,San Pedro,"Los Angeles, Orange",http://catalinaexpress.com/,,,,
Catalina Flyer,,,,Newport Beach,Los Angeles,http://www.catalinainfo.com/,,,,
Catalina Safari Shuttle Bus,,,,Catalina,Los Angeles,https://www.visitcatalinaisland.com/things-to-do/two-harbors/outdoor-activities/safari-bus/,,,,
Central Coast Shuttle LAX,,,,Los Angeles,Los Angeles,https://www.centralcoastshuttle.com/,,,,
Ceres Area Transit,,,,Ceres,Stanislaus,http://www.ci.ceres.ca.us/296/Transportation,,,,
Cerritos on Wheels,90259,,,Cerritos,Los Angeles,http://www.cerritos.us/RESIDENTS/transportation.php,,,,
Chemehuevi Indian Tribe,99316,,,Havasu Lake,San Bernardino,www.chemehuevi.net,,,,
Chowchilla Area Transit,91071,,,Chowchilla,Madera,https://cityofchowchilla.org/223/Chowchilla-Area-Transit-CATX,,,,
Chumash Casino Shuttle Bus,,,,Chumash,Santa Barbara,https://chumashcasino.com/shuttle-schedule,,,,
City of Lompoc Transit,90149,,,Lompoc,Santa Barbara,http://www.cityoflompoc.com/transit/,,,,
Claremont Dial-a-Ride,90296,,,Claremont,Los Angeles,https://www.ci.claremont.ca.us/living/transit-services-75,,,,
Cloverdale Transit,,,,Cloverdale,Sonoma,http://www.cloverdale.net/index.aspx?nid=267,,,,
Clovis Transit System,,,,Clovis,Fresno,https://cityofclovis.com/general-services/transit/,https://transitfeeds.com/p/clovis-transit/1249/latest/download,,,
Coalinga Transit,,,,Coalinga,Fresno,http://www.coalinga.com/281/Coalinga-Transit,,,,
Colfax,,,,Colfax,Placer,http://colfax-ca.gov/,,,,
Colusa County Transit Agency,91112,,,Colusa,Colusa,http://www.countyofcolusa.org/transit,,,,
Commerce Municipal Bus Lines,90043,10,30117,Commerce,Los Angeles,http://ci.commerce.ca.us/index.aspx?NID=90,,,,
Commute.org Shuttles,,,,South San Francisco,San Mateo,http://www.commute.org,https://transitfeeds.com/p/commute-org-san-mateo-county-shuttles/1055/latest/download,,,
Commuter Express,90147,272,1299265,Los Angeles,Los Angeles,http://www.ladottransit.com/,https://transitfeeds.com/p/ladot-transit-services/303/latest/download,,,
Compton Renaissance Transit Service,90260,,,Compton,Los Angeles,http://www.comptoncity.org/visitors/cpttrans.asp,,,,
Corcoran Area Transit,91002,,,Corcoran,Kings,http://www.cityofcorcoran.com/cityhall/pw/transit/default.asp,,,,
Corona Cruiser,90052,,,Corona,Riverside,http://www.CoronaTransit.com/,https://transitfeeds.com/p/corona-cruiser,,,
Coronado Ferry,,,,Coronado,San Diego,https://www.flagshipsd.com/cruises/coronado-ferry,,,,
Costa Mesa Senior Center,,,,Costa Mesa,Orange,https://www.costamesaca.gov/residents/costa-mesa-senior-center,,,,
County Connection,90078,85,293455,Concord,Contra Costa,http://www.cccta.org/,https://transitfeeds.com/p/county-connection/222/latest/download,,,
County Express,91009,,,Hollister,San Benito,http://www.sanbenitocountyexpress.org/,https://transitfeeds.com/p/san-benito-county-express/491/latest/download,,,
County of Ventura,90298,,,Ventura,Camarillo,https://www.ventura.org/visitors/transportation/,,,,
Covina Transit,90261,,,Covina,Los Angeles,https://covinaca.gov/publicworks/page/transportation,,,,
Cudahy Area Rapid Transit,90262,,,Cudahy,Los Angeles,www.cityofcudahy.com,,,,
Culver CityBus,90039,44,341613,Culver City,Los Angeles,https://www.culvercity.org/how-do-i/find/culver-city-bus/,https://transitfeeds.com/p/culver-city-bus/1057/latest/download,,,
Cuyama Transit,,,,Cuyama,Santa Barbara,https://www.transit.wiki/Cuyama_Transit,,,,
Cypress Transportation,,,,Cypress,Orange,https://www.cypressca.org/government/departments/recreation-community-services/senior-center/transportation,,,,
DASH,90147,272,1299265,Los Angeles,Los Angeles,http://www.ladottransit.com/,,,,
DASH Transit,90301,,,Lakewood,Los Angeles,https://www.lakewoodcity.org/services/human/transit.asp,,,,
Dana Point Trolley,,,,Dana Point,Orange,https://visitdanapoint.com/dana-point-trolley/,,,,
Davis Community Transit,90167,,,Davis,Yolo,http://cityofdavis.org/city-hall/parks-and-community-services/davis-community-transit,,,,
Delano Area Rapid Transit,90238,,,Delano,Kern,https://www.cityofdelano.org/92/Delano-Area-Rapid-Transit-DART,,,,
Desert Roadrunner,,,,Blythe,Riverside,https://pvvta.com/,,,,
Diamond Bar Transportation,,,,Diamond Bar,Los Angeles,https://www.diamondbarca.gov/487/Transportation,,,,
Dinuba Area Regional Transit,91040,,,Dinuba,Tulare,http://www.dinuba.org/services/public-services/public-transit,,,,
Disneyland Resort Express,,,,Anaheim,Orange,https://dre.coachusa.com/,,,,
Dixon Readi-Ride Transit Services,91041,,,Dixon,Solano,http://www.ci.dixon.ca.us/,,,,
DowneyLINK,90263,,,Downey,Los Angeles,https://www.downeyca.org/our-city/departments/parks-recreation/transit/downeylink-transit-system,,,,
Duarte Transit,90264,,,Duarte,Los Angeles,http://www.accessduarte.com/dept/admin/transit_division/default.htm,https://transitfeeds.com/p/duarte-transit/759/latest/download,,,
Dumbarton Express,,,,Oakland,"Alameda, San Mateo, Santa Clara",https://dumbartonexpress.com/,,,,
East Los Angeles Shuttle,90271,,,Alhambra,Los Angeles,https://dpw.lacounty.gov/transit/ElSolShuttle.aspx,,,,
East Valinda Shuttle,90272,,,Alhambra,Los Angeles,https://dpw.lacounty.gov/transit/EastValindaShuttle.aspx,,,,
Eastern Sierra Transit Authority,91062,,,Bishop,"Inyo, Mono, Los Angeles",http://www.estransit.com,https://transitfeeds.com/p/eastern-sierra-transit/602/latest/download,,,
Easy Lift Transportation,90243,,,Goleta,Santa Barbara,http://www.easylift.org/,,,,
El Dorado Transit,90229,,,Diamond Springs,El Dorado,http://www.eldoradotransit.com/,https://transitfeeds.com/p/el-dorado-transit/680/latest/download,,,
El Monte Transportation Division,90265,,,El Monte,Los Angeles,http://www.ci.el-monte.ca.us/Government/PublicWorks/Transportation.aspx,https://transitfeeds.com/p/el-monte-transit/903/latest/download,,,
El Segundo Lunchtime Shuttle,,,,El Segundo,Los Angeles,http://www.elsegundo.org/depts/recreation/brochure_and_programs/shuttle_services.asp,,,,
Emery Go-Round,,,,Emeryville,Alameda,https://www.emerygoround.com/,https://transitfeeds.com/p/emery-go-round/769/latest/download,,,
Eureka Transit Service,91093,,,Eureka,Humboldt,https://hta.org/agencies/eureka-transit-service/,,,,
Fairfield and Suisun Transit,90092,31,72206,Fairfield,Solano,https://fasttransit.org/,https://transitfeeds.com/p/fairfield-and-suisun-transit/337/latest/download,,,
Folsom Stage Line,90220,,,Folsom,Sacramento,https://www.folsom.ca.us/public_works/transit/stage_line/default.asp,,,,
Foothill Gold Line,,,,Monrovia,"Los Angeles, San Bernardino",https://foothillgoldline.org/,,,,
Foothill Transit,90146,303,966838,West Covina,Los Angeles,http://www.foothilltransit.org/,https://transitfeeds.com/p/foothill-transit/506/latest/download,,,
Foster City Senior Express Shuttle,,,,Foster City,San Mateo,https://www.fostercity.org/citymanager/page/transportation-contacts,,,,
Fremont Paratransit Program,,,,Fremont,Alameda,https://www.fremont.gov/BusinessDirectoryII.aspx?lngBusinessCategoryID=40,,,,
Fresno Area Express,90027,99,894051,Fresno,Fresno,http://www.fresno.gov/fax/,https://transitfeeds.com/p/fresno-area-express/315/latest/download,,,
Fresno County Rural Transit Agency,91007,,,Fresno,Fresno,http://www.ruraltransit.org/,https://transitfeeds.com/p/fresno-county-rural-transit-agency/338/latest/download,,,
GET Bus,90004,68,493839,Bakersfield,Kern,http://www.getbus.org/,,,,
GTrans,90042,43,236252,Gardena,Los Angeles,http://ridegtrans.com/,,,,
Get Around Town Express,90291,,,South Gate,Los Angeles,http://www.cityofsouthgate.org/218/GATE-Get-Around-Town-Express,,,,
Glendale Beeline,99423,28,110904,Glendale,Los Angeles,www.glendaleca.gov/government/departments/public-works/public-transportation/beeline-transit-system,https://transitfeeds.com/p/city-of-glendale/628/latest/download,,,
Glendora Transportation Division,90266,,,Glendora,Los Angeles,www.cityofglendora.org/transportation,,,,
Glenn Transit Service,91088,,,Willows,Glenn,https://www.countyofglenn.net/dept/public-works/public-transit-transportation/welcome,,,,
Go West Shuttle,90293,,,West Covina,Los Angeles,https://www.westcovina.org/departments/public-services-department/public-services-department-community-services-division/transit-services,,,,
Gold Coast Transit,90035,46,299511,Oxnard,Ventura,http://www.goldcoasttransit.org/,https://transitfeeds.com/p/gold-coast-transit/339/latest/download,,,
Gold Country Stage,91095,,,Nevada City,Nevada,https://www.mynevadacounty.com/2257/Transit-Services,https://transitfeeds.com/p/gold-country-stage/749/latest/download,,,
Golden Gate Bridge Highway and Transportation District,90016,117,250572,San Francisco,"Marin, Sonoma, San Francisco, Contra Costa",http://www.goldengate.org/,https://transitfeeds.com/p/golden-gate-bridge-highway-transportation-district/349/latest/download,,,
Grapeline,90175,,,Lodi,San Joaquin,http://www.lodi.gov/469/Transit,https://transitfeeds.com/p/city-of-lodi-grapeline/711/latest/download,,,
Greyhound,,,,Intercity,"San Bernardino, Kern, Butte, Stanislaus, Fresno, Santa Clara, Alameda, Riverside, San Joaquin, Madera, Merced, San Luis Obispo, Shasta, Placer, Sacramento, Monterey, Marin, Santa Barbara, Los Angeles, Solano, San Francisco, Nevada, Tulare, San Diego",http://www.autobusesamericanos.us/,,,,
Gridley Golden Feather Flyer,,,,Gridley,Butte,http://gridley.ca.us/why-live-here/,,,,
Guadalupe Flyer,91043,,,Guadalupe,Santa Barbara,https://www.smoothinc.org/guadalupe-flyer.php,,,,
Hawaiian Gardens Public Transportation,,,,Hawaiian Gardens,"Los Angeles, Orange",https://hgcity.org/hg/?p=266,,,,
Hawthorne Dial-a-Ride Transportation,,,,Hawthorne,Los Angeles,http://www.cityofhawthorne.org/senior-activities,,,,
Healdsburg Transportation,,,,Healdsburg,Sonoma,https://www.ci.healdsburg.ca.us/861/Transportation-Options,,,,
Hill Hopper Shuttle,,,,Hayward,Alameda,https://www.ce.csueastbay.edu/about/locations/hayward.html,,,,
Humboldt Transit Authority,91036,,,Eureka,Humboldt,http://www.hta.org/,https://transitfeeds.com/p/arcata-mad-river-transit-system/148/latest/download,,,
Huntington Park Express,90267,,,Huntington Park,Los Angeles,https://www.hpca.gov/232/HP-Express,,,,
Imperial Valley Transit,90226,18,57143,El Centro,Imperial,http://www.ivtransit.com/,,,,
Inglewood,90268,,,Inglewood,Los Angeles,https://www.cityofinglewood.org/796/Transportation,,,,
Inland Regional Center,,,,San Bernardino,"San Bernardino, Riverside",http://www.inlandrc.org,,,,
Inyo County Local Transportation Commission,,,,Independence,Inyo,http://www.inyoltc.org/,,,,
Irvine Shuttle,90231,,,Irvine,Orange,https://www.cityofirvine.org/public-works-department/irvine-shuttle,,,,
John Wayne Airport,,,,Santa Ana,Orange,https://www.ocair.com,,,,
Karuk Tribe,,,,Orleans,Humboldt,http://www.karuk.us/index.php/departments/transportation,,,,
Kern Transit,91059,,,Bakersfield,Kern,http://kerntransit.org/,,,,
Kings Area Rural Transit,90200,14,49906,Hanford,Kings,https://www.kartbus.org/,https://transitfeeds.com/p/kings-area-rural-transit/1026/latest/download,,,
LAX FlyAway,,,,Los Angeles,Los Angeles,http://www.lawa.org/FlyAway/Default.aspx,,,,
La Campana,90252,,,Bell,Los Angeles,http://www.cityofbell.org/?NavID=72,,,,
La Canada Flintridge Shuttle & Dial-a-Ride,,,,La Canada Flintridge,Los Angeles,https://cityoflcf.org/live-well/transportation/,,,,
La Habra Heights Dial-a-Ride,,,,La Habra Heights,Los Angeles,https://www.lhhcity.org/196/Transportation,,,,
La Mirada Transit,90024,,,La Mirada,Los Angeles,http://www.cityoflamirada.org/city-services/transit,,,,
La Puente LINK,,,,La Puente,Los Angeles,http://www.lapuente.org/how-do-i-/find/transit-services,,,,
Laguna Beach Municipal Transit,90119,,,Laguna Beach,Orange,http://www.lagunabeachcity.net/trolley,https://transitfeeds.com/p/laguna-beach-transit/402/latest/download,,,
Laguna Niguel Transportation Program,,,,Laguna Niguel,Orange,https://www.cityoflagunaniguel.org/243/Transportation-Services,,,,
Laguna Woods Senior Mobility Program,,,,Laguna Woods,Orange,https://www.cityoflagunawoods.org/our-services/senior-mobility-services/,,,,
Lake Forest Senior Transportation,,,,Lake Forest,Orange,http://www.lakeforestca.gov/173/Senior-Transportation,,,,
Lake Transit,91053,,,Lower Lake,Lake,http://laketransit.org/,https://transitfeeds.com/p/lake-transit-authority/598/latest/download,,,
Lassen Transit Service Agency,91098,,,Susanville,Lassen,http://lassentransportation.com/ltsa,,,,
Lawndale Beat,90280,,,Lawndale,Los Angeles,http://www.lawndalecity.org/html/depthtml/csd/beat.htm,https://transitfeeds.com/p/lawndale-beat/1253/latest/download,,,
Lincoln Transit,,,,Lincoln,Placer,http://www.lincolnca.gov/city-hall/departments-divisions/public-services/transit,,,,
Long Beach Transit,90023,186,1933792,Long Beach,"Los Angeles, Orange",http://www.lbtransit.com/,https://transitfeeds.com/p/long-beach-transit/704/latest/download,https://transitfeeds.com/p/long-beach-transit/1064,,
Lynwood Trolley / Breeze,90281,,,Lynwood,Los Angeles,http://lynwood.ca.us/lynwood-trolley-breeze-schedule/,,,,
MUNI,90015,875,18006740,San Francisco,San Francisco,http://www.sfmta.com/,https://transitfeeds.com/p/sfmta/60/latest/download,,,
MVGO,,,,Mountain View,Santa Clara,http://www.mvgo.org/,https://transitfeeds.com/p/mvgo/754/latest/download,,,
Madera Area Express,90199,,,Madera,Madera,https://www.cityofmadera.ca.gov/home/departments/transit/,,,,
Madera County Connection,91005,,,Madera,Madera,http://mcctransit.com/,https://transitfeeds.com/p/madera-county-transit/415/latest/download,,,
Malibu Dial-A-Ride,90282,,,Malibu,Los Angeles,https://www.malibucity.org,,,,
Mammoth Lakes Transit System,,,,Mammoth Lakes,Mono,https://www.estransit.com/routes-schedule/seasonal/,,,,
Manhattan Beach Dial-A-Ride,90283,,,Manhattan Beach,Los Angeles,https://www.citymb.info/visitors/maps-and-directions/public-transportation,,,,
Manteca Transit,90217,,,Manteca,San Joaquin,http://www.ci.manteca.ca.us/PublicWorks/MantecaTransit/Pages/default.aspx,,,,
Marguerite Shuttle,,,,Stanford,Santa Clara,http://transportation.stanford.edu/marguerite/,https://transitfeeds.com/p/stanford-marguerite-shuttle/736/latest/download,,,
Marin Airporter,,,,San Rafael,Marin,http://www.marinairporter.com/,,,,
Marin Transit,90234,54,245296,San Rafael,Marin,http://marintransit.org/,https://transitfeeds.com/p/marin-transit/345/latest/download,,,
Mariposa County Transit,91082,,,Mariposa,Mariposa,http://ca-mariposacounty.civicplus.com/422/Transportation,,,,
Maywood Dial-A-Ride,90284,,,Maywood,Los Angeles,https://www.cityofmaywood.com/dial-a-ride,,,,
McFarland City Transit Bus,91110,,,McFarland,Kern,https://www.mcfarlandcity.org/269/Transportation,,,,
Mendocino Transit Authority,91047,,,Ukiah AND Fort Bragg,Mendocino,http://www.mendocinotransit.org,https://transitfeeds.com/p/mendocino-transit-authority/205/latest/download,,,
Menlo Park Shuttles,,,,Menlo Park,San Mateo,https://www.menlopark.org/156/Shuttle-services,,,,
Merced The Bus,90173,38,71947,Merced,Merced,http://www.mercedthebus.com/,https://transitfeeds.com/p/merced-transit-authority/605/latest/download,,,
Metro,90154,2141,30497681,Los Angeles,Los Angeles,http://www.metro.net/,https://transitfeeds.com/p/la-metro/184/latest/download // https://transitfeeds.com/p/la-metro/677/latest/download,,,
Metrolink,90151,195,1082682,Los Angeles,Los Angeles,http://www.metrolinktrains.com/,https://transitfeeds.com/p/metrolink/332/latest/download,,,
Metropolitan Transportation Commission,,,,San Francisco,"San Francisco, Alameda, Contra Costa, Marin, Napa, San Mateo, Santa Clara, Solano, Sonoma",https://mtc.ca.gov/,,,,
Mission Bay TMA,,,,San Francisco,San Francisco,http://missionbaytma.org,https://transitfeeds.com/p/mission-bay-tma/952/latest/download,,,
Mission City Transit,,,,San Fernando,Los Angeles,http://ci.san-fernando.ca.us/recreation-community-services/programs/mission-city-transit/,,,,
Modesto Area Express,90007,46,181158,Modesto,"Stanislaus, Alameda, San Joaquin",http://www.modestoareaexpress.com/,https://transitfeeds.com/p/modesto-area-express/1280/latest/download,,https://transitfeeds.com/p/modesto-area-express/928,
Monrovia Transit Dial-A-Ride,90285,,,Monrovia,Los Angeles,https://www.cityofmonrovia.org/your-government/public-works/transportation,,,,
Montebello Bus Lines,90041,67,423423,Montebello,Los Angeles,http://www.ridembl.com/,,,,
Monterey-Salinas Transit,90062,70,285466,Monterey,"Monterey, Santa Cruz, Santa Clara, San Luis Obispo",http://www.mst.org/,https://transitfeeds.com/p/monterey-salinas-transit/854/latest/download,http://206.128.158.191/TMGTFSRealTimeWebService/Alert/Alerts.pb,http://206.128.158.191/TMGTFSRealTimeWebService/TripUpdate/TripUpdates.pb,http://206.128.158.191/TMGTFSRealTimeWebService/Vehicle/VehiclePositions.pb
Monument Community Shuttle,,,,Concord,Contra Costa,http://monumentimpact.org/en/resident-engagement/monument-community-shuttle/,,,,
Moorpark City Transit,90227,,,Moorpark,Ventura,http://www.moorparkca.gov/223/Transportation,,,,
Morongo Band of Mission Indians,99358,,,Banning,Riverside,http://morongonation.org/content/transportation-department,,,,
Morongo Basin Transit Authority,91090,,,Joshua Tree,San Bernardino,http://www.mbtabus.com,,,,
Morro Bay Transit,,,,Morro Bay,San Luis Obispo,https://www.morro-bay.ca.us/293/Transit,,,,
Mountain Transit,91012,,,Big Bear Lake,San Bernardino,http://mountaintransit.org/,https://transitfeeds.com/p/mountain-transit/600/latest/download,,,
Mountain View Community Shuttle,,,,Mountain View,Santa Clara,https://mvcommunityshuttle.com,,,,
Needles Area Transit,91020,,,Needles,San Bernardino,http://www.cityofneedles.com/transit/,,,,
Newport Beach Friends of Oasis Senior Center,,,,Newport Beach,Orange,https://www.newportbeachca.gov/government/departments/recreation-senior-services/senior-services-oasis-senior-center/transportation-service,,,,
Norman Y. Mineta San Jose International Airport,,,,San Jose,Santa Clara,https://www.flysanjose.com/,,,,
North County Transit District,90030,152,796674,Oceanside,San Diego,http://www.gonctd.com/,https://transitfeeds.com/p/nctd/194/latest/download,,,
North Fork Rancheria Tribal Transit Program,99364,,,North Fork,Madera,http://northforkrancheria-nsn.gov/departments/transportation,,,,
Norwalk Transit System,90022,24,120194,Norwalk,Los Angeles,https://www.norwalk.org/city-hall/departments/norwalk-transit-system-nts,https://transitfeeds.com/p/norwalk-transit-system/846/latest/download,,,
Oakland International Airport,,,,Oakland,Alameda,https://www.oaklandairport.com/,,,,
Ojai Trolley,91058,,,Ojai,Ventura,http://ojaitrolley.com/,,,,
OmniTrans,90029,157,884534,San Bernardino,San Bernardino,http://www.omnitrans.org/,https://transitfeeds.com/p/omnitrans/304/latest/download,,,
Ontario International Airport,,,,Ontario,San Bernardino,https://www.flyontario.com/,,,,
Orange Belt Stages,,,,Visalia,"Tulare, Fresno, Kern, San Luis Obispo, Merced",http://www.orangebelt.com/,,,,
Orange County Transportation Authority,90036,448,3080672,Orange,Orange,http://www.octa.net/,https://transitfeeds.com/p/orange-county-transportation-authority/197/latest/download,http://api.octa.net/GTFSRealTime/protoBuf/servicealerts.aspx,http://api.octa.net/GTFSRealTime/protoBuf/tripupdates.aspx,http://api.octa.net/GTFSRealTime/protoBuf/VehiclePositions.aspx
PAL Shuttle,,,,San Diego,Los Angeles,https://palomarlimo.com/,,,,
Palm Springs Buzz,,,,Palm Springs,Riverside,https://www.sunline.org/buzzisback,,,,
Palos Verdes Peninsula Transit Authority,90287,,,Rolling Hills,Los Angeles,http://www.palosverdes.com/pvtransit/,https://transitfeeds.com/p/palos-verdes-peninsula-transit-authority/603/latest/download,,,
Paramount Transportation,,,,Paramount,San Diego,http://www.paramountcity.com/community/transit-services,,,,
"Paratransit, Inc.",90223,,,Sacramento,"Sacramento, Stanislaus",http://www.paratransit.org/,,,,
Pasadena Transit,99424,21,136122,Pasadena,Los Angeles,https://www.cityofpasadena.net/pasadena-transit/,https://transitfeeds.com/p/pasadena-transit/1053/latest/download,,https://transitfeeds.com/p/pasadena-transit/1054,
Paso Express,90194,,,San Luis Obispo,San Luis Obispo,http://www.slorta.org/schedules-fares/paso-express/,,,,
Petaluma Transit,90213,9,28988,Petaluma,Sonoma,http://transit.cityofpetaluma.net/,https://transitfeeds.com/p/petaluma-transit-gtfs/675/latest/download,,,
Pico Rivera Dial-A-Ride,90288,,,Pico Rivera,Los Angeles,http://www.pico-rivera.org/depts/parks/programs/senior/transportation.asp,,,,
Placentia Senior Services,,,,Placentia,Orange,http://www.placentia.org/,,,,
Placer County Transit,90196,20,74927,Auburn,Placer,https://www.placer.ca.gov/1768/Placer-County-Transit,https://transitfeeds.com/p/placer-county-transit/1140/latest/download,,,
Playa Vista Shuttle,,,,Playa Vista,Los Angeles,https://playavista.com/playa-vista-shuttle/,,,,
Pleasanton Paratransit Service,,,,Pleasanton,Alameda,https://www.cityofpleasantonca.gov/gov/depts/cs/senior/transit.asp,,,,
Plumas Transit Systems,91119,,,Quincy,Plumas,https://www.plumastransit.com/,https://transitfeeds.com/p/plumas-transit/418/latest/download,,,
Pomona Valley Transportation Authority,99425,,,La Verne,Los Angeles,http://www.pvtrans.org/,,,,
Porterville Transit,90198,,,Porterville,Tulare,http://www.portervilletransit.com/,,,,
PresidioGo Shuttle,,,,San Francisco,San Francisco,http://www.presidio.gov/transportation/presidigo,,,,
Redding Area Bus Authority,90093,13,44835,Redding,Shasta,http://www.rabaride.com/,https://transitfeeds.com/p/redding-area-bus-authority/346/latest/download,,,
Redwood Coast Transit,91097,,,Crescent City,Del Norte,http://www.redwoodcoasttransit.org/,https://transitfeeds.com/p/redwood-coast-transit/599/latest/download,,,
Ridgerunner,91006,,,Ridgecrest,Kern,https://www.ridgecrest-ca.gov/384/Ridgecrest-Transit-Bus-Schedule,https://transitfeeds.com/p/kern-transit/401/latest/download,,,
Rio Vista Delta Breeze,91014,,,Rio Vista,"Solano, Sacramento, Contra Costa",http://riovistacity.com/delta-breeze-transit-system/,https://transitfeeds.com/p/rio-vista-delta-breeze/526/latest/download,,,
Riverside County Transportation Commission,90218,,,Riverside,Riverside,http://www.rctc.org/,,,,
Riverside Special Transportation,90086,,,Riverside,Riverside,https://www.riversideca.gov/park_rec/programs-sports/seniors/special-transportation-seniors-and-disabled,,,,
Riverside Transit Agency,90031,183,700969,Riverside,Riverside,http://www.riversidetransit.com/,https://transitfeeds.com/p/riverside-transit-agency/531/latest/download,https://rtabus.com/gtfsrt/alerts,https://rtabus.com/gtfsrt/trips,https://rtabus.com/gtfsrt/vehicles
Rosemead Explorer,90289,,,Rosemead,Los Angeles,http://www.cityofrosemead.org/cms/one.aspx?pageId=10909050,,,,
Roseville Transit,90168,,,Roseville,"Placer, Sacramento",http://www.roseville.ca.us/transit/,,,,
SLO Transit,90156,14,101814,San Luis Obispo,San Luis Obispo,https://www.slocity.org/government/department-directory/public-works/slo-transit,https://transitfeeds.com/p/city-of-san-luis-obispo/709/latest/download,,,
Sacramento International Airport,,,,Sacramento,Sacramento,http://www.sacairports.org/,,,,
Sacramento Regional Transit District,90019,228,1806335,Sacramento,Sacramento,http://www.sacrt.com/,https://transitfeeds.com/p/sacramento-regional-transit/67/latest/download,,,
Sage Stage,91008,,,Alturas,Modoc,http://sagestage.com/,https://transitfeeds.com/p/sage-stage/479/latest/download,,,
SamTrans,90009,256,947787,San Carlos,"San Mateo, San Francisco, Santa Clara",http://www.samtrans.com/,https://transitfeeds.com/p/samtrans/144/latest/download,,,
San Bernardino County Transportation Authority,,,,San Bernardino,San Bernardino,http://gosbcta.com/,,,,
San Clemente Senior Transportation,,,,San Clemente,Orange,http://www.san-clemente.org/department-services/social-services/senior-services,,,,
San Clemente Trolley,,,,San Clemente,Orange,https://www.san-clemente.org/recreation-community/beaches/san-clemente-trolley,,,,
San Diego Association of Governments,90095,,,San Diego,San Diego,http://www.sandag.org/,,,,
San Diego International Airport,,,,San Diego,San Diego,https://www.san.org/,,,,
San Diego Metropolitan Transit System,90026,641,7037629,San Diego,San Diego,http://www.sdmts.com/,https://transitfeeds.com/p/san-diego-mts/195/latest/download,,,
San Francisco Bay Ferry,90225,,,San Francisco,"San Francisco, Alameda, Contra Costa, Solano",https://sanfranciscobayferry.com/,,,,
San Francisco International Airport,,,,South San Francisco,San Mateo,https://www.flysfo.com/,,,,
San Joaquin Regional Transit District,90012,75,300323,Stockton,San Joaquin,http://www.sanjoaquinrtd.com/,https://transitfeeds.com/p/san-joaquin-rtd/347/latest/download,,,
San Joaquin Valley Regional Planning Agencies Policy Council,,,,Madera,"San Joaquin, Fresno, Kern, Kings, Madera, Merced, Stanislaus, Tulare",http://sjvcogs.org,,,,
San Juan Capistrano Free Weekend Trolley,,,,San Juan Capistrano,Orange,https://sanjuancapistrano.org/Visitor-Information/Trolley-Service,,,,
San Leandro LINKS,,,,San Leandro,Alameda,http://sanleandrolinks.com/,,,,
San Luis Obispo Council of Governments,90297,,,San Luis Obispo,San Luis Obispo,www.slocog.org,,,,
San Luis Obispo Regional Transit Authority,90206,25,77153,San Luis Obispo,San Luis Obispo,http://www.slorta.org/,https://transitfeeds.com/p/san-luis-obispo-rta/710/latest/download,,,
Santa Barbara County Association of Governments,,,,Santa Barbara,Santa Barbara,http://www.sbcag.org/,,,,
Santa Barbara Metropolitan Transit District,90020,94,609471,Santa Barbara,Santa Barbara,http://www.sbmtd.gov/,https://transitfeeds.com/p/santa-barbara-mtd/1156/latest/download,,,
Santa Clara Valley Transportation Authority,90013,423,2883129,San Jose,"Santa Clara, Contra Costa",http://www.vta.org/,https://transitfeeds.com/p/vta/45/latest/download,,,https://transitfeeds.com/p/vta/932
Santa Clarita Transit,90171,66,231527,Santa Clarita,Los Angeles,http://santaclaritatransit.com/,,,,
Santa Cruz Metropolitan Transit District,90006,71,498387,Santa Cruz,Santa Cruz,http://www.scmtd.com/,https://transitfeeds.com/p/santa-cruz-metro/343/latest/download,,,
Santa Fe Springs Transit,90290,,,Santa Fe Springs,Los Angeles,https://www.santafesprings.org/cityhall/transportation_services/default.asp,,,,
Santa Maria Area Transit,90087,20,49895,Santa Maria,Santa Barbara,https://www.cityofsantamaria.org/city-government/departments/public-works-services/public-transit-services-2499,https://transitfeeds.com/p/santa-maria-area-transit/760/latest/download,,,
Santa Monica College Academy/Madison Transit Shuttle,,,,Santa Monica,Los Angeles,http://smc.edu/StudentServices/transportation/Pages/Shuttles.aspx,,,,
Santa Rosa CityBus,90017,25,156652,Santa Rosa,Sonoma,www.srcity.org/citybus,,,,
Santa Ynez Valley Transit,91028,,,Solvang,Santa Barbara,http://www.cityofsolvang.com/211/Santa-Ynez-Valley-Transit,,,,
Seal Beach Senior Bus Program,,,,Seal Beach,Orange,http://www.sealbeachca.gov/City-Services/Transportation-Services,,,,
Seniors on the Go Transportation Services,,,,Huntington Beach,Orange,https://www.huntingtonbeachca.gov/residents/human_services/SeniorsOutreachCenterTransportation.cfm,,,,
Shafter Dial-A-Ride,91120,,,Shafter,Kern,https://www.shafter.com/148/Transit,,,,
Shasta Regional Transit Agency,,,,Redding,Shasta,https://www.srta.ca.gov/,,,,
Sierra County Transportation Commission,91038,,,Downieville,Sierra,https://www.sierracounty.ca.gov/410/Transit,,,,
Sierra Madre Gateway Coach,,,,Sierra Madre,Los Angeles,http://www.cityofsierramadre.com/services/transportation/gateway_coach,,,,
Signal Hill Dial-a-Taxi,,,,Signal Hill,Los Angeles,https://www.cityofsignalhill.org/260/Dial-a-Taxi-Dial-a-Lift,,,,
Simi Valley Transit,90050,,,Simi Valley,Ventura,https://www.simivalley.org/departments/community-services/simi-valley-transit,https://transitfeeds.com/p/simi-valley-transit/905/latest/download,,,
Siskiyou Transit and General Express,91048,,,Yreka,Siskiyou,https://www.co.siskiyou.ca.us/generalservices/page/stage-siskiyou-transit-and-general-express,https://transitfeeds.com/p/siskiyou-transit-and-general-express/492/latest/download,,,
SolTrans,90232,30,109718,Vallejo,"Solano, Contra Costa",http://www.soltransride.com/,https://transitfeeds.com/p/soltrans/666/latest/download,,,
SolanoExpress,,,,Suisun City,Solano,https://www.solanoexpress.com/,,,,
Sonoma County Airport Express,,,,Santa Rosa,Sonoma,http://airportexpressinc.com/,,,,
Sonoma County Transit,90089,45,75490,Santa Rosa,Sonoma,http://www.sctransit.com/,https://transitfeeds.com/p/sonoma-county-transit/419/latest/download,,,
Sonoma-Marin Area Rail Transit,90299,10,71974,Petaluma,"Sonoma, Marin",www.sonomamarintrain.org,https://transitfeeds.com/p/sonoma-marin-area-rail-transit/1050/latest/download,,,
South County Area Transit,,,,San Luis Obispo,San Luis Obispo,http://www.slorta.org/about-rta/south-county-transit-sct/,,,,
South County Transit Link,90216,,,Galt,"Sacramento, San Joaquin",http://www.sctlink.com/,,,,
South El Monte Senior Transportation,,,,South El Monte,Los Angeles,http://www.ci.south-el-monte.ca.us/CITYDEPARTMENTSSERVICES/CommunityServices/SeniorServices.aspx,,,,
South Pasadena Dial-A-Ride,90292,,,South Pasadena,Los Angeles,http://www.southpasadenaca.gov/index.aspx?page=104,,,,
Spirit Bus,90286,,,Monterey Park,Los Angeles,http://www.montereypark.ca.gov/546/Transportation-Services,https://transitfeeds.com/p/spirit-bus/757/latest/download,,,
Stanislaus Regional Transit,90236,,,Modesto,Stanislaus,http://www.srt.org/,https://transitfeeds.com/p/stanislaus-regional-transit/493/latest/download,,,
SunLine Transit Agency,90079,62,353101,Thousand Palms,Riverside,http://www.sunline.org/,https://transitfeeds.com/p/sunline-transit-agency/348/latest/download,,,
Sunshine Bus(South Whittier),90276,,,Whittier (could also be Alhambra),Los Angeles,https://dpw.lacounty.gov/transit/SWSunshineShuttle.aspx,,,,
Susanville Indian Rancheria Public Transportation Program,99256,,,Susanville,Lassen,http://www.sir-nsn.gov/event/new-transportation-bus-schedule/,,,,
TRACER,90197,,,Tracy,San Joaquin,https://www.ci.tracy.ca.us/?navid=193,,,,
Taft Area Transit,91066,,,Taft,Kern,http://www.cityoftaft.org/pView.aspx?id=5385&catid=562,,,,
Tahoe Transportation,,,,"Stateline, NV",Douglas (NV),http://tahoetransportation.org/blog/category/bluego/,,,,
Tahoe Truckee Area Regional Transportation,,,,Truckee,"Nevada, Placer",https://tahoetruckeetransit.com/,https://transitfeeds.com/p/tahoe-area-regional-transit/389/latest/download,,,
Tehachapi Dial-A-Ride,91074,,,Tehachapi,Kern,http://www.liveuptehachapi.com/158/Tehachapi-Bus-Information,,,,
Tehama Rural Area eXpress,91089,,,Red Bluff,Tehama,http://www.taketrax.com/,https://transitfeeds.com/p/tehama-rural-area-express/494/latest/download,,,
The Breeze Bus,90087,20,49895,Santa Maria,Santa Barbara,http://www.breezebus.com/,,,,
Thousand Oaks Transit,90165,,,Thousand Oaks,Ventura,https://www.toaks.org/departments/public-works/transit,https://transitfeeds.com/p/thousand-oaks-transit/685/latest/download,,,
Tideline,,,,Tiburon,San Francisco,https://tidelinetickets.com/,https://transitfeeds.com/p/tideline-water-taxi/756/latest/download,,,
Torrance Transit System,90010,48,308986,Torrance,Los Angeles,http://Transit.TorranceCA.Gov/,https://transitfeeds.com/p/city-of-torrance/388/latest/download,,,
Town of Truckee,91101,,,Truckee,Nevada,https://www.townoftruckee.com/government/engineering-and-public-works/public-transportation,,,,
Tri Delta Transit,90162,52,128427,Antioch,Contra Costa,http://www.trideltatransit.com/,https://transitfeeds.com/p/tri-delta-transit/1148/latest/download,,,
Tri-Valley Wheels,90144,49,157780,Livermore,Alameda,http://www.wheelsbus.com/,https://transitfeeds.com/p/livermore-amador-valley-transit-authority/701/latest/download,,,
Trinity Transit,91035,,,Weaverville,Trinity,http://trinitytransit.org/,https://transitfeeds.com/p/trinity-county-transportation-commission/428/latest/download,,,
Tulare County Area Transit,91055,,,Visalia,Tulare,https://tularecounty.ca.gov/rma/index.cfm/tulare-county-area-transit-tcat/,,,,
Tulare InterModal Express,90244,7,23231,Tulare,Tulare,http://www.ci.tulare.ca.us/local_government/departments/administrative_services/transit.htm/,,,,
Tule River Indian Tribe,99370,,,Porterville,Tulare,tulerivertribe-nsn.gov/,,,,
Tuolumne County Transit,91057,,,Sonora,Tuolumne,http://www.tuolumnecountytransit.com/,,,,
Turlock Transit,90201,6,16159,Turlock,Stanislaus,www.turlocktransit.com,,,,
UC San Diego Campus Shuttles,,,,La Jolla,San Diego,http://transportation.ucsd.edu/shuttles/index.html,,,,
USC Transportation,,,,Los Angeles,Los Angeles,http://transnet.usc.edu/index.php/bus-map-schedules/,,,,
USDA Forest Service Southwest Region,,,,Vallejo,Solano,https://www.fs.usda.gov/detail/r5/workingtogether/?cid=STELPRDB5373419,,,,
Union City Transit,90161,,,Union City,Alameda,http://www.uctransit.org/,,,,
Unitrans,90142,37,472086,Davis,Yolo,http://www.unitrans.com/,https://transitfeeds.com/p/unitrans/301/latest/download,,,
V-LINE,,,,Visalia,"Tulare, Fresno",https://ridevline.com/,,,,
Vacaville City Coach,90155,,,Vacaville,Solano,http://www.citycoach.com/,https://transitfeeds.com/p/city-coach/1141/latest/download,,,
Valley Express,,,,Santa Paula,Ventura,http://www.valleyexpressbus.org/,,,,
Ventura County Transportation Commission,90164,35,55006,Ventura,Ventura,https://www.goventura.org/,https://transitfeeds.com/p/ventura-county-transportation-commission/792/latest/download,,,
Victor Valley Transit,90148,53,134390,Hesperia,San Bernardino,http://www.vvta.org/,https://transitfeeds.com/p/victor-valley-transit-authority/350/latest/download,,,
Vine Transit,90088,33,77995,Napa,"Napa, Solano, Contra Costa",http://www.ridethevine.com/,https://transitfeeds.com/p/napa-vine/1268/latest/download,,,
Visalia Transit,90091,28,89536,Visalia,Tulare,http://www.visaliatransit.com/,,,,
Walnut Way Dial-a-Cab,,,,Walnut,Los Angeles,http://www.cityofwalnut.org/for-residents/community-resources/transportation/dial-a-cab,,,,
Wasco,99426,,,Wasco,Kern,http://www.ci.wasco.ca.us/residents/transportation/,,,,
West Berkeley Shuttle,,,,Berkeley,Alameda,http://westberkeleyshuttle.net/,,,,
West Hollywood Transit Service,90294,,,West Hollywood,Los Angeles,https://www.weho.org/services/public-transportation-transit-options,,,,
WestCAT,90159,49,101290,Pinole,Contra Costa,http://www.westcat.org/,https://transitfeeds.com/p/westcat/682/latest/download,,,
Westminster on Wheels Senior Transportation Program,,,,Westminster,Orange,http://www.ci.westminster.ca.us/depts/cs/senior/transportation.asp,,,,
Whittier Demand Response,90277,,,Whittier,Los Angeles,https://dpw.lacounty.gov/transit/DAR.aspx#pageTitle,,,,
Whittier Dial-A-Ride,90295,,,Whittier,Los Angeles,https://www.whittierprcs.org/transit/dial-a-ride-and-dar-plus,,,,
Willowbrook Demand Response,90279,,,Alhambra,Los Angeles,https://dpw.lacounty.gov/transit/DAR.aspx#pageTitle,,,,
Woodlake Dial-A-Ride,91079,,,Woodlake,Tulare,http://www.cityofwoodlake.com/transportation/,,,,
Yolobus,90090,41,93589,Woodland,Yolo,http://www.yolobus.com/,https://transitfeeds.com/p/sacramento-regional-transit/161/latest/download,,,
Yorba Linda Taking Retired Adults Into Local Services,,,,Yorba Linda,Orange,https://www.yorbalindaca.gov/391/Senior-Mobility-ProgramTRAILS,,,,
Yosemite Area Regional Transportation System,91070,,,Merced,"Merced, Fresno, Mono, Tuolumne",http://www.YARTS.com,https://transitfeeds.com/p/yosemite-area-regional-transportation-system/155/latest/download,,,
Yuba-Sutter Transit Authority,90061,25,61555,Marysville,"Yuba, Sutter",http://www.yubasuttertransit.com/,https://transitfeeds.com/p/yuba-sutter-transit/154,,,
Yuma County Area Transit,,,,Yuma (AZ),"Yuma, AZ",https://www.ycipta.org/,,,,
Yurok Tribe Transit Service,99262,,,Klamath,Del Norte,https://www.yuroktribe.org/departments/planning/Transportation_Program.htm,,,,
e-Tran,90205,39,63786,Elk Grove,Sacramento,http://www.e-tran.org/,,,,
eTrans,91078,,,Escalon,San Joaquin,http://cityofescalon.org/cms/one.aspx?pageId=13056687,https://transitfeeds.com/p/city-of-escalon/601/latest/download,,,
the Link Florence-Firestone/Walnut Park,90273,,,Alhambra,Los Angeles,https://dpw.lacounty.gov/transit/TheLinkFlorenceFirestone.aspx,,,,
the Link King Medical Center,90274,,,Alhambra,Los Angeles,https://dpw.lacounty.gov/transit/TheLinkKingMedical.aspx,,,,
the Link Lennox,90275,,,Alhambra,Los Angeles,https://dpw.lacounty.gov/transit/TheLinkLennox.aspx,,,,
the Link Willowbrook,90278,,,Alhambra,Los Angeles,https://dpw.lacounty.gov/transit/TheLinkWillowbrook.aspx,,,,
the Link-Athens,90269,,,Alhambra,Los Angeles,https://dpw.lacounty.gov/transit/TheLinkAthens.aspx,,,,
